{"cameraMode":{"drawMode":0,"name":"Shaded","section":"Shading Mode"},"sceneLighting":true,"audioPlay":false,"sceneViewState":{"m_AlwaysRefresh":false,"showFog":true,"showSkybox":true,"showFlares":true,"showImageEffects":true,"showParticleSystems":true,"showVisualEffectGraphs":true,"m_FxEnabled":true},"in2DMode":false,"pivot":{"x":470.44647216796877,"y":380.6947937011719,"z":-2.6143798828125},"rotation":{"x":0.008690182119607926,"y":-0.0024025074671953918,"z":-0.000023041578970151022,"w":-0.9999639391899109},"size":325.632080078125,"orthographic":false}