{"cameraMode":{"drawMode":0,"name":"Shaded","section":"Shading Mode"},"sceneLighting":true,"audioPlay":false,"sceneViewState":{"m_AlwaysRefresh":false,"showFog":true,"showSkybox":true,"showFlares":true,"showImageEffects":true,"showParticleSystems":true,"showVisualEffectGraphs":true,"m_FxEnabled":true},"in2DMode":false,"pivot":{"x":0.2450270652770996,"y":3.8270578384399416,"z":4.540552139282227},"rotation":{"x":0.23888564109802247,"y":-0.04658851400017738,"z":0.011473270133137703,"w":0.9698651432991028},"size":36.62260818481445,"orthographic":false}